"Path","Platform","Compiled","Cooked","Permutations","Compiletime","CompiledDouble","CookedDouble"
"/ControlRig/Controls/ControlRigGizmoMaterial.ControlRigGizmoMaterial","0","0","4","1","0.000000","0","0"
"/Engine/EngineDebugMaterials/DebugEditorMaterial.DebugEditorMaterial","0","0","6","1","0.000000","0","0"
"/Game/LevelPrototyping/Materials/M_Solid.M_Solid","0","0","28","1","0.000000","0","0"
"/Engine/EngineMaterials/GizmoMaterial.GizmoMaterial","0","0","6","1","0.000000","0","0"
"/Engine/EngineDebugMaterials/DebugMeshMaterial.DebugMeshMaterial","0","0","9","1","0.000000","0","0"
"/Engine/EngineMaterials/RemoveSurfaceMaterial.RemoveSurfaceMaterial","0","0","4","1","0.000000","0","0"
"/Game/FXVarietyPack/Materials/M_ky_empty.M_ky_empty","0","36","5","1","20.745008","0","207"
"/Game/FXVarietyPack/EpicContent/Materials/M_DemoWall.M_DemoWall","0","84","7","1","80.029976","0","758"
"/HairStrands/Materials/HairMeshesDefaultMaterial.HairMeshesDefaultMaterial","0","0","63","1","0.000000","0","0"
"/HairStrands/Materials/HairCardsDefaultMaterial.HairCardsDefaultMaterial","0","0","104","1","0.000000","0","0"
"/HairStrands/Materials/HairDefaultMaterial.HairDefaultMaterial","0","0","63","1","0.000000","0","0"
"/Engine/EngineDebugMaterials/M_SimpleUnlitTranslucent.M_SimpleUnlitTranslucent","0","0","9","1","0.000000","0","0"
"/Engine/EditorMaterials/Camera/CineMat.CineMat","0","0","28","1","0.000000","0","0"
"/Engine/VREditor/TransformGizmo/Xray.Xray","0","0","14","1","0.000000","0","0"
"/Engine/VREditor/TransformGizmo/Main.Main","0","0","9","1","0.000000","0","0"
"/Engine/VREditor/TransformGizmo/TranslucentTransformGizmoMaterial.TranslucentTransformGizmoMaterial","0","0","9","1","0.000000","0","0"
"/Engine/EngineMaterials/DefaultLightFunctionMaterial.DefaultLightFunctionMaterial","0","0","43","1","0.000000","0","0"
"/Game/StarterContent/Props/Materials/M_MaterialSphere_Plain.M_MaterialSphere_Plain","0","0","14","1","0.000000","0","0"
"/Game/StarterContent/Props/Materials/M_MaterialSphere.M_MaterialSphere","0","0","14","1","0.000000","0","0"
"/Game/StarterContent/Particles/Materials/m_flare_01.m_flare_01","0","0","36","1","0.000000","0","0"
"/Game/StarterContent/Materials/M_Glass.M_Glass","0","0","37","1","0.000000","0","0"
"/Game/StarterContent/Materials/M_Basic_Wall.M_Basic_Wall","0","0","23","1","0.000000","0","0"
"/Game/StarterContent/Materials/M_Basic_Floor.M_Basic_Floor","0","0","23","1","0.000000","0","0"
"/Game/StarterContent/Materials/M_AssetPlatform.M_AssetPlatform","0","0","23","1","0.000000","0","0"
"/Game/StarterContent/Blueprints/Assets/M_LightStage_Arrows.M_LightStage_Arrows","0","0","4","1","0.000000","0","0"
"/Game/City_of_Brass_Enviroment/Materials/Lum_material.Lum_material","0","74","7","1","58.382973","0","526"
"/Game/City_of_Brass_Enviroment/Materials/base_material.base_material","0","60","7","1","37.692520","0","365"
"/Engine/EngineSky/M_SimpleSkyDome.M_SimpleSkyDome","0","0","4","1","0.000000","0","0"
"/Engine/BasicShapes/BasicShapeMaterial.BasicShapeMaterial","0","0","84","1","0.000000","0","0"
"/Engine/EditorMeshes/ColorCalibrator/M_ChromeBall.M_ChromeBall","0","0","37","1","0.000000","0","0"
"/Engine/EditorMeshes/ColorCalibrator/M_ClearCoat.M_ClearCoat","0","0","23","1","0.000000","0","0"
"/Engine/EditorMeshes/ColorCalibrator/M_ClearCoatBlack.M_ClearCoatBlack","0","0","23","1","0.000000","0","0"
"/Engine/EditorMeshes/ColorCalibrator/M_GreyBall.M_GreyBall","0","0","23","1","0.000000","0","0"
"/Engine/TemplateResources/M_Template_Master.M_Template_Master","0","0","37","1","0.000000","0","0"
"/Engine/EngineMaterials/FlattenMaterial_WS_Normal_VT.FlattenMaterial_WS_Normal_VT","0","0","66","1","0.000000","0","0"
"/Engine/EngineMaterials/FlattenMaterial_VT.FlattenMaterial_VT","0","0","66","1","0.000000","0","0"
"/Engine/EngineMaterials/FlattenMaterial.FlattenMaterial","0","0","66","1","0.000000","0","0"
"/Engine/EngineMaterials/M_InvalidLightmapSettings.M_InvalidLightmapSettings","0","0","28","1","0.000000","0","0"
"/Engine/EngineMaterials/EmissiveMeshMaterial.EmissiveMeshMaterial","0","0","9","1","0.000000","0","0"
"/Engine/EngineDebugMaterials/M_VolumeRenderSphereTracePP.M_VolumeRenderSphereTracePP","0","0","6","1","0.000000","0","0"
"/Game/FXVarietyPack/Materials/M_ky_vortex04_4x4.M_ky_vortex04_4x4","0","72","43","2","29.033205","0","181"
"/Game/FXVarietyPack/Materials/M_ky_base.M_ky_base","0","72","44","2","31.290031","0","200"
"/Game/FXVarietyPack/Materials/M_ky_flare01_primitive.M_ky_flare01_primitive","0","135","26","3","34.808167","0","584"
"/Game/FXVarietyPack/Materials/M_ky_flarePillar.M_ky_flarePillar","0","36","8","1","13.927254","0","88"
"/Game/FXVarietyPack/Materials/M_ky_thunderForBeam.M_ky_thunderForBeam","0","36","36","1","14.254845","0","68"
"/Game/FXVarietyPack/Materials/M_ky_circle01_4x4G_nonD.M_ky_circle01_4x4G_nonD","0","36","16","1","12.787810","0","96"
"/Game/FXVarietyPack/Materials/M_ky_chantDecoA.M_ky_chantDecoA","0","36","36","1","12.095941","0","36"
"/Game/FXVarietyPack/Materials/M_ky_subUV_dynRGB.M_ky_subUV_dynRGB","0","36","36","1","12.285660","0","54"
"/Game/FXVarietyPack/Materials/M_ky_subUV03.M_ky_subUV03","0","36","9","1","13.738754","0","117"
"/Game/FXVarietyPack/Materials/M_ky_subUV01.M_ky_subUV01","0","36","36","1","16.777061","0","36"
"/Game/FXVarietyPack/Materials/M_ky_Fresnel.M_ky_Fresnel","0","36","9","1","19.807339","0","117"
"/Game/FXVarietyPack/Materials/M_ky_base_anime.M_ky_base_anime","0","72","19","2","26.825493","0","212"
"/Game/FXVarietyPack/EpicContent/Materials/M_Glass.M_Glass","0","66","18","2","22.318151","0","222"
"/Game/FXVarietyPack/EpicContent/Materials/M_DemoRoomTiles.M_DemoRoomTiles","0","24","9","1","14.502322","0","68"
"/Game/FXVarietyPack/EpicContent/Materials/M_DemoWallPattern.M_DemoWallPattern","0","69","45","3","38.199654","0","168"
"/Game/FXVarietyPack/EpicContent/Materials/M_LightTube.M_LightTube","0","4","4","1","1.962497","0","4"
"/Game/City_of_Brass_Enviroment/Materials/Pattern01_Mat.Pattern01_Mat","0","42","28","1","29.109791","0","126"
"/Game/FXVarietyPack/EpicContent/Materials/M_DefaultTextMaterialTranslucentUnlit.M_DefaultTextMaterialTranslucentUnlit","0","120","72","1","63.126942","0","537"
"/Game/City_of_Brass_Enviroment/Materials/Lum_Pattern_material.Lum_Pattern_material","0","74","9","1","43.807518","0","373"
"/Game/City_of_Brass_Enviroment/Materials/ArchWindow_D_Mat.ArchWindow_D_Mat","0","23","23","1","23.333168","0","23"
"/Engine/EngineMaterials/PhAT_JointLimitMaterial.PhAT_JointLimitMaterial","0","0","13","1","0.000000","0","0"
"/ControlRig/M_Manip.M_Manip","0","0","13","1","0.000000","0","0"
"/Paper2D/DefaultSpriteMaterial.DefaultSpriteMaterial","0","0","75","2","0.000000","0","0"
"/Game/FXVarietyPack/Materials/M_ky_flare_flash.M_ky_flare_flash","0","0","72","2","0.000000","0","0"
"/Engine/VREditor/TransformGizmo/TransformGizmoMaterial.TransformGizmoMaterial","0","0","4","1","0.000000","0","0"
"/Game/City_of_Brass_Enviroment/Materials/Streaks01_D_Mat.Streaks01_D_Mat","0","0","33","1","0.000000","0","0"
"/Engine/EditorMaterials/WorldPartition/WorldPartitionSpatialHashGridPreviewMaterial.WorldPartitionSpatialHashGridPreviewMaterial","0","0","6","1","0.000000","0","0"
"/Game/City_of_Brass_Enviroment/Materials/Enviro_Substance_Material.Enviro_Substance_Material","0","0","74","1","0.000000","0","0"
"/HairStrands/Materials/HairDebugMaterial.HairDebugMaterial","0","0","104","1","0.000000","0","0"
"/Engine/EngineSky/VolumetricClouds/m_SimpleVolumetricCloud.m_SimpleVolumetricCloud","0","0","56","1","0.000000","0","0"
"/Engine/EngineMaterials/DefaultPostProcessMaterial.DefaultPostProcessMaterial","0","0","10","1","0.000000","0","0"
"/Engine/EngineMaterials/DefaultDeferredDecalMaterial.DefaultDeferredDecalMaterial","0","0","101","1","0.000000","0","0"
"/Engine/EngineMaterials/DefaultMaterial.DefaultMaterial","0","0","167","1","0.000000","0","0"
"/Engine/EngineMaterials/WorldGridMaterial.WorldGridMaterial","0","84","1288","1","40.907310","0","488"
"/Game/City_of_Brass_Enviroment/Materials/Enviro_Substance_Emissive_Mat.Enviro_Substance_Emissive_Mat","0","0","74","1","0.000000","0","0"
"/Engine/EngineMaterials/DefaultTextMaterialOpaque.DefaultTextMaterialOpaque","0","0","31","1","0.000000","0","0"
"/Engine/EngineMaterials/Widget3DPassThrough.Widget3DPassThrough","0","0","66","6","0.000000","0","9"
"/Game/City_of_Brass_Enviroment/Materials/Cloth_Substance_material.Cloth_Substance_material","0","0","126","2","0.000000","0","0"
"/Game/StarterContent/Particles/Materials/M_Heat_Distortion.M_Heat_Distortion","0","0","33","1","0.000000","0","0"
"/Game/StarterContent/Props/Materials/M_TableRound.M_TableRound","0","0","23","1","0.000000","0","0"
"/Game/StarterContent/Props/Materials/M_StatueGlass.M_StatueGlass","0","0","37","1","0.000000","0","0"
"/Game/StarterContent/Props/Materials/M_Statue.M_Statue","0","0","23","1","0.000000","0","0"
"/Game/StarterContent/Particles/Materials/M_Spark.M_Spark","0","0","27","1","0.000000","0","0"
"/Game/StarterContent/Particles/Materials/M_smoke_subUV.M_smoke_subUV","0","0","72","1","0.000000","0","0"
"/Game/StarterContent/Props/Materials/M_Shelf.M_Shelf","0","0","23","1","0.000000","0","0"
"/Game/StarterContent/Materials/M_Wood_Floor_Walnut_Polished.M_Wood_Floor_Walnut_Polished","0","0","23","1","0.000000","0","0"
"/Game/StarterContent/Materials/M_Water_Lake.M_Water_Lake","0","0","23","1","0.000000","0","0"
"/Game/StarterContent/Materials/M_Rock_Marble_Polished.M_Rock_Marble_Polished","0","0","23","1","0.000000","0","0"
"/Game/StarterContent/Materials/M_Wood_Walnut.M_Wood_Walnut","0","0","23","1","0.000000","0","0"
"/Game/StarterContent/Materials/M_Wood_Pine.M_Wood_Pine","0","0","23","1","0.000000","0","0"
"/Game/StarterContent/Materials/M_Wood_Oak.M_Wood_Oak","0","0","23","1","0.000000","0","0"
"/Game/StarterContent/Materials/M_Tech_Panel.M_Tech_Panel","0","0","23","1","0.000000","0","0"
"/Game/StarterContent/Materials/M_Tech_Hex_Tile_Pulse.M_Tech_Hex_Tile_Pulse","0","0","23","1","0.000000","0","0"
"/Game/StarterContent/Materials/M_Rock_Slate.M_Rock_Slate","0","0","23","1","0.000000","0","0"
"/Game/StarterContent/Materials/M_Rock_Sandstone.M_Rock_Sandstone","0","0","23","1","0.000000","0","0"
"/Game/StarterContent/Materials/M_Rock_Basalt.M_Rock_Basalt","0","0","23","1","0.000000","0","0"
"/Game/StarterContent/Materials/M_Metal_Steel.M_Metal_Steel","0","0","23","1","0.000000","0","0"
"/Game/StarterContent/Materials/M_Metal_Gold.M_Metal_Gold","0","0","23","1","0.000000","0","0"
"/Game/StarterContent/Materials/M_Metal_Copper.M_Metal_Copper","0","0","23","1","0.000000","0","0"
"/Game/StarterContent/Materials/M_Metal_Chrome.M_Metal_Chrome","0","0","23","1","0.000000","0","0"
"/Game/StarterContent/Materials/M_Metal_Burnished_Steel.M_Metal_Burnished_Steel","0","0","23","1","0.000000","0","0"
"/Game/StarterContent/Materials/M_Metal_Brushed_Nickel.M_Metal_Brushed_Nickel","0","0","23","1","0.000000","0","0"
"/Game/StarterContent/Props/Materials/M_Lamp.M_Lamp","0","0","23","1","0.000000","0","0"
"/Game/StarterContent/Materials/M_Ground_Moss.M_Ground_Moss","0","0","23","1","0.000000","0","0"
"/Game/StarterContent/Materials/M_Ground_Gravel.M_Ground_Gravel","0","0","23","1","0.000000","0","0"
"/Game/StarterContent/Materials/M_Ground_Grass.M_Ground_Grass","0","0","23","1","0.000000","0","0"
"/Game/StarterContent/Props/Materials/M_Frame.M_Frame","0","0","23","1","0.000000","0","0"
"/Game/StarterContent/Particles/Materials/M_Fire_SubUV.M_Fire_SubUV","0","0","27","1","0.000000","0","0"
"/Game/StarterContent/Particles/Materials/M_explosion_subUV.M_explosion_subUV","0","0","27","1","0.000000","0","0"
"/Game/StarterContent/Particles/Materials/M_Dust_Particle.M_Dust_Particle","0","0","96","1","0.000000","0","0"
"/Game/StarterContent/Props/Materials/M_Door.M_Door","0","0","23","1","0.000000","0","0"
"/Game/StarterContent/Materials/M_Concrete_Tiles.M_Concrete_Tiles","0","0","23","1","0.000000","0","0"
"/Game/StarterContent/Materials/M_Concrete_Poured.M_Concrete_Poured","0","0","23","1","0.000000","0","0"
"/Game/StarterContent/Materials/M_Concrete_Panels.M_Concrete_Panels","0","0","23","1","0.000000","0","0"
"/Game/StarterContent/Materials/M_Concrete_Grime.M_Concrete_Grime","0","0","23","1","0.000000","0","0"
"/Game/StarterContent/Materials/M_CobbleStone_Smooth.M_CobbleStone_Smooth","0","0","23","1","0.000000","0","0"
"/Game/StarterContent/Materials/M_CobbleStone_Rough.M_CobbleStone_Rough","0","0","23","1","0.000000","0","0"
"/Game/StarterContent/Materials/M_CobbleStone_Pebble.M_CobbleStone_Pebble","0","0","23","1","0.000000","0","0"
"/Game/StarterContent/Materials/M_Tech_Checker_Dot.M_Tech_Checker_Dot","0","0","23","1","0.000000","0","0"
"/Game/StarterContent/Props/Materials/M_Chair.M_Chair","0","0","23","1","0.000000","0","0"
"/Game/StarterContent/Materials/M_Ceramic_Tile_Checker.M_Ceramic_Tile_Checker","0","0","23","1","0.000000","0","0"
"/Game/StarterContent/Props/Materials/M_Bush.M_Bush","0","0","44","1","0.000000","0","0"
"/Game/StarterContent/Particles/Materials/M_Burst.M_Burst","0","0","33","1","0.000000","0","0"
"/Game/StarterContent/Materials/M_Brick_Hewn_Stone.M_Brick_Hewn_Stone","0","0","23","1","0.000000","0","0"
"/Game/StarterContent/Materials/M_Brick_Cut_Stone.M_Brick_Cut_Stone","0","0","23","1","0.000000","0","0"
"/Game/StarterContent/Materials/M_Brick_Clay_Old.M_Brick_Clay_Old","0","0","23","1","0.000000","0","0"
"/Game/StarterContent/Materials/M_Brick_Clay_New.M_Brick_Clay_New","0","0","23","1","0.000000","0","0"
"/Game/StarterContent/Materials/M_Brick_Clay_Beveled.M_Brick_Clay_Beveled","0","0","23","1","0.000000","0","0"
"/Game/City_of_Brass_Enviroment/Materials/M_Streaks_Decal.M_Streaks_Decal","0","66","40","1","48.150341","0","182"
"/Game/City_of_Brass_Enviroment/Materials/Enviro_Substance_Alpha_Material.Enviro_Substance_Alpha_Material","0","0","117","1","0.000000","0","0"
"/Game/MS_CardboardBoxV1/Master_Materials/Imperfection_MasterMaterial.Imperfection_MasterMaterial","0","14","14","1","10.345326","0","24"
"/Game/Stylized_Egypt/Materials/decals_materials/M_decal_hieroglyphs.M_decal_hieroglyphs","0","27","10","1","19.428730","0","74"
"/Game/City_of_Brass_Enviroment/Materials/Foliage_mat.Foliage_mat","0","0","117","1","0.000000","0","0"
"/Engine/EngineMaterials/PPM_DefaultCalibrationGrayscale.PPM_DefaultCalibrationGrayscale","0","0","6","1","0.000000","0","0"
"/Engine/EngineMaterials/PPM_DefaultCalibrationColor.PPM_DefaultCalibrationColor","0","0","6","1","0.000000","0","0"
"/Engine/EditorMaterials/PreviewShadowIndicatorMaterial.PreviewShadowIndicatorMaterial","0","0","43","1","0.000000","0","0"
"/Game/FXVarietyPack/Materials/M_ky_auraWall02.M_ky_auraWall02","0","72","20","2","26.687769","0","244"
"/Game/MS_CardboardBoxV1/Master_Materials/Displacement_MasterMaterial.Displacement_MasterMaterial","0","14","14","1","10.260597","0","14"
"/Game/MS_CardboardBoxV1/Master_Materials/Atlas_MasterMaterial.Atlas_MasterMaterial","0","29","11","1","19.729736","0","84"
"/Game/City_of_Brass_Enviroment/Materials/water_Translucent_material.water_Translucent_material","0","46","46","1","34.129684","0","46"
"/Engine/EngineSky/M_Sky_Panning_Clouds2.M_Sky_Panning_Clouds2","0","0","4","1","0.000000","0","0"
"/Game/Stylized_Egypt/Materials/plants_materials/M_tree.M_tree","0","0","40","1","0.000000","0","0"
"/Game/StarterContent/Props/Materials/M_Rock.M_Rock","0","0","23","1","0.000000","0","0"
"/Game/StarterContent/Materials/M_Water_Ocean.M_Water_Ocean","0","0","23","1","0.000000","0","0"
"/Game/StarterContent/Materials/M_Tech_Hex_Tile.M_Tech_Hex_Tile","0","0","23","1","0.000000","0","0"
"/Game/StarterContent/Materials/M_Metal_Rust.M_Metal_Rust","0","0","23","1","0.000000","0","0"
"/Game/StarterContent/Particles/Materials/M_radial_ramp.M_radial_ramp","0","0","36","1","0.000000","0","0"
"/Game/StarterContent/Particles/Materials/M_Radial_Gradient.M_Radial_Gradient","0","0","36","1","0.000000","0","0"
"/Game/StarterContent/Materials/M_Wood_Floor_Walnut_Worn.M_Wood_Floor_Walnut_Worn","0","0","23","1","0.000000","0","0"
"/Game/StarterContent/Materials/M_ColorGrid_LowSpec.M_ColorGrid_LowSpec","0","0","23","1","0.000000","0","0"
"/Game/StarterContent/Blueprints/Assets/M_LightStage_Skybox_Master.M_LightStage_Skybox_Master","0","0","8","2","0.000000","0","0"
"/Game/City_of_Brass_Enviroment/Materials/Paint_Ground.Paint_Ground","0","0","42","1","0.000000","0","42"
"/Engine/EngineMaterials/AntiAliasedTextMaterialTranslucent.AntiAliasedTextMaterialTranslucent","0","0","24","1","0.000000","0","0"
"/Game/GrassLandscape/Materials/defaultLandscape/MA_Grass_I_LayerGround.MA_Grass_I_LayerGround","0","455","109","10","255.320450","0","1821"
"/Game/GrassLandscape/Materials/Tesstellation/MA_Grass_I_LayerGround_Tes.MA_Grass_I_LayerGround_Tes","0","455","103","10","270.280457","0","1767"
"/Engine/EditorMeshes/ColorCalibrator/M_ColorGrid.M_ColorGrid","0","0","23","1","0.000000","0","0"
"/SpeedTreeImporter/SpeedTree9/SpeedTreeBillboardMaster.SpeedTreeBillboardMaster","0","0","62","1","0.000000","0","0"
"/SpeedTreeImporter/SpeedTree9/SpeedTreeMaster.SpeedTreeMaster","0","0","88","1","0.000000","0","0"
"/Game/FXVarietyPack/Materials/M_ky_dust01_4x4.M_ky_dust01_4x4","0","27","27","1","10.265651","0","47"
"/Game/FXVarietyPack/Materials/M_ky_stormDeco01.M_ky_stormDeco01","0","45","20","1","15.761254","0","160"
"/Game/FXVarietyPack/Materials/M_ky_laser01.M_ky_laser01","0","45","10","1","14.981246","0","180"
"/Game/FXVarietyPack/Materials/M_ky_aura9.M_ky_aura9","0","72","21","2","25.637316","0","249"
"/Game/FXVarietyPack/Materials/M_ky_shockWave03_4x4.M_ky_shockWave03_4x4","0","72","47","2","24.542114","0","173"
"/Game/FXVarietyPack/Materials/M_ky_stone02.M_ky_stone02","0","51","11","1","20.057869","0","190"
"/Game/City_of_Brass_Enviroment/Materials/M_Flag.M_Flag","0","42","10","1","24.074154","0","184"
"/Game/FXVarietyPack/Materials/M_ky_storm01.M_ky_storm01","0","180","43","4","58.211239","0","747"
"/Game/Stylized_Egypt/Materials/decals_materials/M_decal_dirt.M_decal_dirt","0","81","31","3","27.965351","0","224"
"/Game/FXVarietyPack/Materials/M_ky_waterDust02.M_ky_waterDust02","0","27","10","1","9.038178","0","74"
"/Game/FXVarietyPack/Materials/M_ky_trail_primitive.M_ky_trail_primitive","0","45","10","1","13.901646","0","180"
"/Game/FXVarietyPack/Materials/M_ky_polar_primitive.M_ky_polar_primitive","0","36","10","1","11.643061","0","122"
"/Game/FXVarietyPack/Materials/M_ky_magicCircle020.M_ky_magicCircle020","0","27","10","1","9.235705","0","74"
"/Game/FXVarietyPack/Materials/M_ky_flareVert.M_ky_flareVert","0","27","10","1","8.905922","0","74"
"/Game/FXVarietyPack/Materials/M_ky_dynDust.M_ky_dynDust","0","45","10","1","14.544955","0","180"
"/Game/Characters/Mannequin_UE4/Materials/M_MannequinUE4_Body.M_MannequinUE4_Body","0","112","22","2","54.531204","0","549"
"/Game/AnimStarterPack/UE4_Mannequin/Materials/M_UE4Man_Body.M_UE4Man_Body","0","112","25","2","54.213776","0","575"
"/Game/Stylized_Egypt/Materials/building_materials/base_materials/M_metal.M_metal","0","0","46","2","0.000000","0","0"
"/Game/FXVarietyPack/Materials/M_ky_smoke01.M_ky_smoke01","0","27","38","2","9.083427","0","76"
"/Game/FXVarietyPack/Materials/M_ky_primitive_dyn2.M_ky_primitive_dyn2","0","0","90","2","0.000000","0","0"
"/Game/FXVarietyPack/Materials/M_ky_primitive.M_ky_primitive","0","0","65","1","0.000000","0","0"
"/Game/FXVarietyPack/Materials/M_ky_polar.M_ky_polar","0","72","94","4","24.729313","0","254"
"/Game/FXVarietyPack/Materials/M_ky_base_turbulence.M_ky_base_turbulence","0","0","45","1","0.000000","0","0"
"/Game/Stylized_Egypt/Materials/props_materials/M_props.M_props","0","23","11","1","11.829086","0","68"
"/Game/Stylized_Egypt/Materials/decals_materials/M_decal_ornament.M_decal_ornament","0","27","11","1","13.032199","0","76"
"/Game/Stylized_Egypt/Materials/decals_materials/M_decal_damage.M_decal_damage","0","27","11","1","13.237693","0","76"
"/Game/MS_CardboardBoxV1/Master_Materials/SurfaceBlend_MasterMaterial.SurfaceBlend_MasterMaterial","0","14","14","1","7.410991","0","25"
"/Game/MS_CardboardBoxV1/Master_Materials/Foliage_MasterMaterial.Foliage_MasterMaterial","0","29","12","1","14.739396","0","85"
"/Game/MS_CardboardBoxV1/Master_Materials/Decal_MasterMaterial.Decal_MasterMaterial","0","27","11","1","13.259617","0","76"
"/Game/MS_CardboardBoxV1/Master_Materials/ChannelPackingSample.ChannelPackingSample","0","14","14","1","7.079985","0","25"
"/Game/MS_CardboardBoxV1/Master_Materials/BrushDecal_MasterMaterial.BrushDecal_MasterMaterial","0","27","11","1","13.115105","0","76"
"/Game/FXVarietyPack/Materials/M_ky_starDust.M_ky_starDust","0","144","37","3","51.710114","0","632"
"/Game/MSPresets/Foliage_Material/Foliage_Material.Foliage_Material","0","0","88","1","0.000000","0","0"
"/Game/Stylized_Egypt/Materials/stones_materials/M_stones.M_stones","0","0","23","1","0.000000","0","0"
"/Game/Stylized_Egypt/Materials/props_materials/M_egyptian_statue.M_egyptian_statue","0","0","23","1","0.000000","0","0"
"/Game/Stylized_Egypt/Materials/plants_materials/M_plants.M_plants","0","0","176","2","0.000000","0","0"
"/Game/Stylized_Egypt/Materials/building_materials/base_materials/M_concrete_paint.M_concrete_paint","0","92","90","6","53.966164","0","341"
"/Game/Stylized_Egypt/Materials/building_materials/M_pyramid.M_pyramid","0","0","46","2","0.000000","0","0"
"/Game/Stylized_Egypt/Materials/building_materials/M_building_wood.M_building_wood","0","0","23","1","0.000000","0","0"
"/Game/MS_CardboardBoxV1/Master_Materials/Standard_MasterMaterial.Standard_MasterMaterial","0","0","23","1","0.000000","0","0"
"/Game/City_of_Brass_Enviroment/Materials/Useable_Shader.Useable_Shader","0","51","11","1","24.153820","0","201"
"/Engine/EditorMaterials/Thumbnails/SkySphereMaterial.SkySphereMaterial","0","0","23","1","0.000000","0","0"
"/Game/City_of_Brass_Enviroment/Materials/Ground_Tiles_Unwrap.Ground_Tiles_Unwrap","0","40","11","1","21.724976","0","141"
"/Game/Characters/Mannequins/Materials/M_Mannequin.M_Mannequin","0","0","96","3","0.000000","0","0"
"/Game/LevelPrototyping/Materials/M_PrototypeGrid.M_PrototypeGrid","0","23","80","4","13.516472","0","68"
"/Game/City_of_Brass_Enviroment/Materials/Enviro_WorldUV_Simple_Mat.Enviro_WorldUV_Simple_Mat","0","0","23","1","0.000000","0","0"
"/Game/City_of_Brass_Enviroment/Materials/Enviro_WorldUV_Mat.Enviro_WorldUV_Mat","0","0","42","1","0.000000","0","0"
"/Game/City_of_Brass_Enviroment/Materials/Enviro_Int_WorldUV_Mat.Enviro_Int_WorldUV_Mat","0","0","69","1","0.000000","0","0"
"/Game/Stylized_Egypt/Materials/building_materials/base_materials/M_brick_WPO.M_brick_WPO","0","0","23","1","0.000000","0","0"
"/Game/Stylized_Egypt/Materials/building_materials/base_materials/M_base_concrete_WPO.M_base_concrete_WPO","0","0","23","1","0.000000","0","48"
"/Game/Stylized_Egypt/Materials/landscape_materials/M_landscape_material.M_landscape_material","0","124","33","3","78.745148","0","484"
"/Game/GrassLandscape/Materials/ParallaxOcclusion/MA_Grass_I_LayerGround_POM.MA_Grass_I_LayerGround_POM","0","455","108","10","517.410400","455","3718"
