"Path","Platform","Compiled","Cooked","Permutations","Compiletime","CompiledDouble","CookedDouble"
"/ControlRig/Controls/ControlRigGizmoMaterial.ControlRigGizmoMaterial","0","0","4","1","0.000000","0","0"
"/Engine/EngineDebugMaterials/DebugEditorMaterial.DebugEditorMaterial","0","0","6","1","0.000000","0","0"
"/Engine/EngineMaterials/GizmoMaterial.GizmoMaterial","0","0","6","1","0.000000","0","0"
"/Engine/EngineDebugMaterials/DebugMeshMaterial.DebugMeshMaterial","0","0","9","1","0.000000","0","0"
"/Engine/EngineMaterials/RemoveSurfaceMaterial.RemoveSurfaceMaterial","0","0","4","1","0.000000","0","0"
"/HairStrands/Materials/HairMeshesDefaultMaterial.HairMeshesDefaultMaterial","0","0","63","1","0.000000","0","0"
"/HairStrands/Materials/HairCardsDefaultMaterial.HairCardsDefaultMaterial","0","0","104","1","0.000000","0","0"
"/HairStrands/Materials/HairDefaultMaterial.HairDefaultMaterial","0","0","63","1","0.000000","0","0"
"/Engine/EngineDebugMaterials/M_SimpleUnlitTranslucent.M_SimpleUnlitTranslucent","0","0","9","1","0.000000","0","0"
"/Engine/EditorMaterials/Camera/CineMat.CineMat","0","0","28","1","0.000000","0","0"
"/Engine/VREditor/TransformGizmo/Xray.Xray","0","0","14","1","0.000000","0","0"
"/Engine/VREditor/TransformGizmo/Main.Main","0","0","9","1","0.000000","0","0"
"/Engine/VREditor/TransformGizmo/TranslucentTransformGizmoMaterial.TranslucentTransformGizmoMaterial","0","0","9","1","0.000000","0","0"
"/Engine/EngineMaterials/DefaultLightFunctionMaterial.DefaultLightFunctionMaterial","0","0","43","1","0.000000","0","0"
"/Engine/EngineSky/M_SimpleSkyDome.M_SimpleSkyDome","0","0","4","1","0.000000","0","0"
"/Engine/EngineMaterials/FlattenMaterial_WS_Normal_VT.FlattenMaterial_WS_Normal_VT","0","0","66","1","0.000000","0","0"
"/Engine/EngineMaterials/FlattenMaterial_VT.FlattenMaterial_VT","0","0","66","1","0.000000","0","0"
"/Engine/EngineMaterials/FlattenMaterial.FlattenMaterial","0","0","66","1","0.000000","0","0"
"/Engine/EngineMaterials/M_InvalidLightmapSettings.M_InvalidLightmapSettings","0","0","28","1","0.000000","0","0"
"/Engine/EngineMaterials/EmissiveMeshMaterial.EmissiveMeshMaterial","0","0","9","1","0.000000","0","0"
"/Engine/EngineDebugMaterials/M_VolumeRenderSphereTracePP.M_VolumeRenderSphereTracePP","0","0","6","1","0.000000","0","0"
"/Paper2D/DefaultSpriteMaterial.DefaultSpriteMaterial","0","0","75","2","0.000000","0","0"
"/Engine/EngineMaterials/PhAT_JointLimitMaterial.PhAT_JointLimitMaterial","0","0","13","1","0.000000","0","0"
"/ControlRig/M_Manip.M_Manip","0","0","13","1","0.000000","0","0"
"/Engine/VREditor/TransformGizmo/TransformGizmoMaterial.TransformGizmoMaterial","0","0","4","1","0.000000","0","0"
"/Engine/EditorMaterials/WorldPartition/WorldPartitionSpatialHashGridPreviewMaterial.WorldPartitionSpatialHashGridPreviewMaterial","0","0","6","1","0.000000","0","0"
"/HairStrands/Materials/HairDebugMaterial.HairDebugMaterial","0","0","104","1","0.000000","0","0"
"/Engine/EngineSky/VolumetricClouds/m_SimpleVolumetricCloud.m_SimpleVolumetricCloud","0","0","56","1","0.000000","0","0"
"/Engine/EngineMaterials/DefaultPostProcessMaterial.DefaultPostProcessMaterial","0","0","10","1","0.000000","0","0"
"/Engine/EngineMaterials/DefaultDeferredDecalMaterial.DefaultDeferredDecalMaterial","0","0","101","1","0.000000","0","0"
"/Engine/EngineMaterials/DefaultMaterial.DefaultMaterial","0","0","167","1","0.000000","0","0"
"/Engine/EngineMaterials/WorldGridMaterial.WorldGridMaterial","0","0","1288","1","0.000000","0","0"
"/Engine/EngineMaterials/DefaultTextMaterialOpaque.DefaultTextMaterialOpaque","0","0","31","1","0.000000","0","0"
"/Engine/EngineMaterials/Widget3DPassThrough.Widget3DPassThrough","0","0","66","6","0.000000","0","9"
"/Engine/EngineMaterials/PPM_DefaultCalibrationGrayscale.PPM_DefaultCalibrationGrayscale","0","0","6","1","0.000000","0","0"
"/Engine/EngineMaterials/PPM_DefaultCalibrationColor.PPM_DefaultCalibrationColor","0","0","6","1","0.000000","0","0"
"/Engine/EditorMaterials/PreviewShadowIndicatorMaterial.PreviewShadowIndicatorMaterial","0","0","43","1","0.000000","0","0"
"/Game/StarterContent/Materials/M_Wood_Floor_Walnut_Polished.M_Wood_Floor_Walnut_Polished","0","0","23","1","0.000000","0","0"
"/Engine/EngineSky/M_Sky_Panning_Clouds2.M_Sky_Panning_Clouds2","0","0","4","1","0.000000","0","0"
"/Game/City_of_Brass_Enviroment/Materials/Paint_Ground.Paint_Ground","0","0","42","1","0.000000","0","42"
"/Game/City_of_Brass_Enviroment/Materials/Enviro_Substance_Material.Enviro_Substance_Material","0","0","74","1","0.000000","0","0"
"/Game/City_of_Brass_Enviroment/Materials/Cloth_Substance_material.Cloth_Substance_material","0","0","126","2","0.000000","0","0"
"/Game/City_of_Brass_Enviroment/Materials/Enviro_Substance_Alpha_Material.Enviro_Substance_Alpha_Material","0","0","117","1","0.000000","0","0"
"/Game/City_of_Brass_Enviroment/Materials/Streaks01_D_Mat.Streaks01_D_Mat","0","0","33","1","0.000000","0","0"
"/Game/City_of_Brass_Enviroment/Materials/Enviro_Substance_Emissive_Mat.Enviro_Substance_Emissive_Mat","0","0","74","1","0.000000","0","0"
"/VRM4U/MaterialUtil/M_VrmUnlitTexture.M_VrmUnlitTexture","0","0","84","2","0.000000","0","0"
"/VRM4U/MaterialUtil/M_VrmSimple.M_VrmSimple","0","0","240","3","0.000000","0","240"
"/Game/City_of_Brass_Enviroment/Materials/Foliage_mat.Foliage_mat","0","0","117","1","0.000000","0","0"
"/Game/Stylized_Egypt/Materials/plants_materials/M_tree.M_tree","0","0","40","1","0.000000","0","0"
"/Game/FXVarietyPack/Materials/M_ky_flare_flash.M_ky_flare_flash","0","0","72","2","0.000000","0","0"
"/SpeedTreeImporter/SpeedTree9/SpeedTreeBillboardMaster.SpeedTreeBillboardMaster","0","0","62","1","0.000000","0","0"
"/SpeedTreeImporter/SpeedTree9/SpeedTreeMaster.SpeedTreeMaster","0","0","88","1","0.000000","0","0"
"/Game/Stylized_Egypt/Materials/building_materials/base_materials/M_metal.M_metal","0","0","46","2","0.000000","0","0"
"/Game/Stylized_Egypt/Materials/building_materials/M_pyramid.M_pyramid","0","0","46","2","0.000000","0","0"
"/Game/Stylized_Egypt/Materials/props_materials/M_egyptian_statue.M_egyptian_statue","0","0","23","1","0.000000","0","0"
"/Game/MSPresets/Foliage_Material/Foliage_Material.Foliage_Material","0","0","88","1","0.000000","0","0"
"/Game/Stylized_Egypt/Materials/building_materials/base_materials/M_concrete_paint.M_concrete_paint","0","0","46","2","0.000000","0","23"
"/Game/Stylized_Egypt/Materials/building_materials/M_building_wood.M_building_wood","0","0","23","1","0.000000","0","0"
"/Game/Stylized_Egypt/Materials/plants_materials/M_plants.M_plants","0","0","176","2","0.000000","0","0"
"/Game/Stylized_Egypt/Materials/stones_materials/M_stones.M_stones","0","0","23","1","0.000000","0","0"
"/Game/MS_CardboardBoxV1/Master_Materials/Standard_MasterMaterial.Standard_MasterMaterial","0","0","23","1","0.000000","0","0"
"/Game/FXVarietyPack/Materials/M_ky_smoke01.M_ky_smoke01","0","0","27","1","0.000000","0","0"
"/Game/FXVarietyPack/Materials/M_ky_polar.M_ky_polar","0","0","72","2","0.000000","0","0"
"/Game/FXVarietyPack/Materials/M_ky_primitive.M_ky_primitive","0","0","65","1","0.000000","0","0"
"/Game/FXVarietyPack/Materials/M_ky_primitive_dyn2.M_ky_primitive_dyn2","0","0","90","2","0.000000","0","0"
"/Game/FXVarietyPack/Materials/M_ky_base_turbulence.M_ky_base_turbulence","0","0","45","1","0.000000","0","0"
"/Game/City_of_Brass_Enviroment/Materials/Enviro_WorldUV_Mat.Enviro_WorldUV_Mat","0","0","42","1","0.000000","0","0"
"/Game/City_of_Brass_Enviroment/Materials/Enviro_WorldUV_Simple_Mat.Enviro_WorldUV_Simple_Mat","0","0","23","1","0.000000","0","0"
"/Game/City_of_Brass_Enviroment/Materials/Enviro_Int_WorldUV_Mat.Enviro_Int_WorldUV_Mat","0","0","69","1","0.000000","0","0"
"/Game/Stylized_Egypt/Materials/building_materials/base_materials/M_base_concrete_WPO.M_base_concrete_WPO","0","0","23","1","0.000000","0","48"
"/Game/Stylized_Egypt/Materials/building_materials/base_materials/M_brick_WPO.M_brick_WPO","0","0","23","1","0.000000","0","0"
"/VRM4U/MaterialUtil/MToonUtil/M_VrmMToonBaseOpaque.M_VrmMToonBaseOpaque","0","0","1314","17","0.000000","0","1314"
